,mean_fit_time,mean_score_time,mean_test_score,mean_train_score,param_max_depth,params,rank_test_score,split0_test_score,split0_train_score,split1_test_score,split1_train_score,split2_test_score,split2_train_score,split3_test_score,split3_train_score,split4_test_score,split4_train_score,std_fit_time,std_score_time,std_test_score,std_train_score
0,60.291079902648924,1.5631341457366943,-0.4098004840796699,-0.39279479602050504,6,{'max_depth': 6},2,-0.4089948173275337,-0.3928612679017673,-0.40921698685588315,-0.3933750368355423,-0.4102621506607132,-0.39233808841801177,-0.4107509007006601,-0.3924008095420223,-0.4097775820283279,-0.3929987774051816,4.730285898641039,0.2735052811594956,0.0006490796610646413,0.00038639707533329534
1,82.380237865448,1.3847772121429442,-0.409558450071069,-0.3828306721874759,7,{'max_depth': 7},1,-0.40859087745242184,-0.38372028062163765,-0.408464177749987,-0.3832009692846362,-0.40995113478469203,-0.38229692709987495,-0.4112470804014495,-0.38158438036043546,-0.40953900545817673,-0.3833508035707954,5.150498132508179,0.2670018162759322,0.0010138719264616695,0.0007793826914804883
2,86.71905150413514,1.1514179706573486,-0.4099666874229702,-0.3702158223141631,8,{'max_depth': 8},3,-0.4091335241941493,-0.3699637799703586,-0.4093412573319722,-0.3711606332654056,-0.4101800980044503,-0.3704928249126475,-0.4112770218809995,-0.36948183680874375,-0.4099015537364299,-0.36998003661366,5.317832791971958,0.1916055393213158,0.0007552596829693781,0.0005704828016606227
